-- AUTO-GENERATED by scripts/build-seed.mjs — do not edit by hand.
-- Run AFTER schema.sql.

insert into groups (id, name, color, sort_order) values
  (1, 'Governance & Policy Planning Lab - New Economy Lab', '#cc2027', 1),
  (2, 'Creative Media Innovation Lab - Entertainment & Heritage Innovation Lab - AI Art & Branding Lab - Digital Media and Sustainable Wellbeing Lab; AI & Sustainability Lab', '#e8710a', 2),
  (3, 'Living Lab - NetZero Open Lab', '#1f9e6e', 3),
  (4, 'Public Space Lab - Data Drive & Urban Design Lab', '#2f6fd6', 4),
  (5, 'Robotic & AI Lab - Open Lab - 3I Research Center', '#7b4bd0', 5),
  (6, 'Smart City Research - Move System Lab - Immersive Technology Convergence Center', '#128a9c', 6),
  (7, 'TIR Lab - BIT Lab - AI & Human Experience Lab', '#c0327a', 7)
on conflict (id) do nothing;

insert into labs (id, group_id, name, sort_order) values
  (1, 1, 'Governance & Policy Planning Lab', 1),
  (2, 1, 'New Economy Lab', 2),
  (3, 2, 'Creative Media Innovation Lab', 1),
  (4, 2, 'Entertainment & Heritage Innovation Lab', 2),
  (5, 2, 'AI Art & Branding Lab', 3),
  (6, 2, 'Digital Media and Sustainable Wellbeing Lab', 4),
  (7, 2, 'AI & Sustainability Lab', 5),
  (8, 3, 'Living Lab', 1),
  (9, 3, 'NetZero Open Lab', 2),
  (10, 4, 'Public Space Lab', 1),
  (11, 4, 'Data Drive & Urban Design Lab', 2),
  (12, 5, 'Robotic & AI Lab', 1),
  (13, 5, 'Open Lab', 2),
  (14, 5, '3I Research Center', 3),
  (15, 6, 'Smart City Research', 1),
  (16, 6, 'Move System Lab', 2),
  (17, 6, 'Immersive Technology Convergence Center', 3),
  (18, 7, 'TIR Lab', 1),
  (19, 7, 'BIT Lab', 2),
  (20, 7, 'AI & Human Experience Lab', 3)
on conflict (id) do nothing;

insert into participants (id, stt, title, name, country, org, org_logo_url, role, email, coordinator, group_id) values
  (1, '13', 'Mr.', 'Clinton Moore', '', 'UNDP Asia and the Pacific', NULL, 'Urban Governance Specialist Consultant', 'clinton.moore@undp.org', 'Mai (ISCM) - Tú Anh (ISCM)', 1),
  (2, '14', 'Dr.', 'Cung Trong Cuong', 'Hue, Vietnam', 'Hue Institute for Development Studies', NULL, 'Director', 'cuongcung@hueids.vn', 'Mai (ISCM) - Tú Anh (ISCM)', 1),
  (3, '27', 'Prof.', 'Manfredo Manfredini', 'NewZealand', 'School of Architecture and Planning University of Auckland', NULL, 'Associate Professor · Director (Architecture & International Engagement), Deputy Head - Architecture', 'm.manfredini@auckland.ac.nz', 'Mai (ISCM) - Tú Anh (ISCM)', 1),
  (4, '28', 'Dr.', 'Nguyen Anh Tuan', 'Vietnam', 'Binh My Commune, Ho Chi Minh City', NULL, 'Chairman', 'tuankts@gmail.com', 'Mai (ISCM) - Tú Anh (ISCM)', 1),
  (5, '11', 'Ms.', 'Bui Thu Hien', 'Vietnam', 'UN-Habitat', NULL, 'Project Coordinator', 'hienchip762003@gmail.com', 'Mai (ISCM) - Tú Anh (ISCM)', 1),
  (6, '6', 'Prof. Dr.', 'Haipeng Mi', 'China', 'Faculty of Xinya College, Tsinghua University', NULL, 'Director, Media and Interaction Lab (Milab)', 'mhp@tsinghua.edu.cn', '2 giảng viên/ nghiên cứu viên SMD', 2),
  (7, '19', 'Dr.', 'Filipa Martins', 'Macao', 'University of Saint Joseph', NULL, 'Assistant Professor', 'filipa.martins@usj.edu.mo', '2 giảng viên/ nghiên cứu viên SMD', 2),
  (8, '26', 'Dr.', 'LeeHwan Hwang', 'Korea', 'Kwangwoon University Opticmix', NULL, 'Chair of Department of Immersive Convergence Contents CEO', 'optics.hwang@kw.ac.kr', '2 giảng viên/ nghiên cứu viên SMD', 2),
  (9, '29', 'Dr.', 'Nurul Hanim Romainoor', 'Malaysia', 'Universiti Sains Malaysia', NULL, '', 'hanim.romainoor@usm.my', '2 giảng viên/ nghiên cứu viên SMD', 2),
  (10, '37', 'Prof.', 'SeungHyun Lee', 'Korea', 'Immersive Content Display Center, Deparment of Content Convergence, Kwangwoon University', NULL, 'Director', 'shlee@kw.ac.kr', '2 giảng viên/ nghiên cứu viên SMD', 2),
  (11, '22', 'Mr.', 'Hoyoon Lee', 'Korea', 'Korea Institute of Civil Engineering and Building Technology', NULL, 'Researcher', 'hylee@kict.re.kr', 'Hiển (ISCM) - Quang (ISCM)', 3),
  (12, '23', 'Prof.', 'Jeongseob Kim', 'Korea', 'Center for Anticipatory Urban Strategies,Ulsan National Institute of Science and Technology Department of Civil, Urban, Earth, and Environmental Engineering', NULL, 'Director Professor', 'jskim14@unist.ac.kr', 'Hiển (ISCM) - Quang (ISCM)', 3),
  (13, '32', 'Dr.', 'Wichitra Singhirunnusorn', 'Vietnam', 'Maha Sarakham University', NULL, 'Lecturer', 'wichitra.s@msu.ac.th', 'Hiển (ISCM) - Quang (ISCM)', 3),
  (14, '33', 'Dr.', 'Sophie Cloes', 'Belgium', 'Hasselt University', NULL, '', 'sophiecloes@icloud.com', 'Hiển (ISCM) - Quang (ISCM)', 3),
  (15, '35', 'Dr.', 'Hoàng Phi Long', '', 'UEH', NULL, '', 'longhp@ueh.edu.vn', 'Hiển (ISCM) - Quang (ISCM)', 3),
  (16, '5', 'Assoc. Prof. Dr', 'Elena Marchigiani', 'Italy', 'University of Trieste', NULL, 'Professor, Department of Engineering and Architecture', 'emarchigiani@units.it', 'Daniela (ISCM) - Chi (ISCM)', 4),
  (17, '10', 'Dr.', 'Adrian Lo', 'Malaysia', 'Universiti Teknologi Malaysia (UTM)', NULL, 'Professor', 'adrianyatwai@utm.my', 'Daniela (ISCM) - Chi (ISCM)', 4),
  (18, '12', 'Mr.', 'Cho Kwanphil', '', 'Handong Global University', NULL, 'Lecturer', 'kwanphil.cho@handong.edu', 'Daniela (ISCM) - Chi (ISCM)', 4),
  (19, '15', 'Prof.', 'Donghwan Moon', 'USA', 'College of Design, North Carolina State University', NULL, 'Assistant Professor', 'donghwan_moon@ncsu.edu', 'Daniela (ISCM) - Chi (ISCM)', 4),
  (20, '31', 'Mr.', 'Steven Petit', 'Vietnam', 'OMGEVING', NULL, 'Creative Director', 'steven.petit@omgeving.be', 'Daniela (ISCM) - Chi (ISCM)', 4),
  (21, '3', 'Prof. Dr.', 'Bor-Jiunn Wen', 'Taiwan', 'National Taiwan Ocean University', NULL, 'Professor and Chair, Department of Mechanical and Mechatronic Engineering', 'jiunner@mail.ntou.edu.tw', '2 giảng viên/ nghiên cứu viên 3I', 5),
  (22, '7', 'Prof. Dr.', 'Kim Yong-Guk', 'Korea', 'Department of Computer Engineering, Sejong University', NULL, 'Professor, Department of Computer Engineering', 'ykim@sejong.ac.kr', '2 giảng viên/ nghiên cứu viên 3I', 5),
  (23, '18', 'Prof', 'Fan-Bean Wu', 'Taiwan', 'National United University, Taiwan', NULL, 'Professor', 'fbwu@nuu.edu.tw', '2 giảng viên/ nghiên cứu viên 3I', 5),
  (24, '24', 'Dr.', 'Junggon Sung', 'Korea', 'Korea Institute of Civil Engineering and Building Technology (KICT)', NULL, 'Senior Research Fellow', 'jgsung@kict.re.kr', '2 giảng viên/ nghiên cứu viên 3I', 5),
  (25, '36', 'Mr.', 'Lâm Nguyễn Hải Long', '', 'ISC Innovation and Technology Incubation Center', NULL, 'Director', 'long@vietnamisc.com', '2 giảng viên/ nghiên cứu viên 3I', 5),
  (26, '4', 'Ms.', 'Carolina Tinangon', 'Indonesia', 'Consulate General of the Republic of Indonesia', NULL, 'Consul General', 'c.tinangon@kemlu.go.id', 'Hoài (ISCM) - Tâm (ISCM)', 6),
  (27, '16', 'Prof.', 'Ducksu Seo', 'Korea', 'Handong Global University', NULL, 'Associate Professor', 'handonge@handong.edu', 'Hoài (ISCM) - Tâm (ISCM)', 6),
  (28, '20', 'Prof.', 'Frank Fichert', 'Germany', 'Department for Tourism and Transport, University of Applied Sciences, Worms', NULL, 'Vice Dean', 'frank.fichert@hs-worms.de', 'Hoài (ISCM) - Tâm (ISCM)', 6),
  (29, '21', 'Dr.', 'Harvey Neo', 'Singapore', 'Lee Kuan Yew Centre for Innovative Cities, SUTD', NULL, 'Professorial Fellow', 'harvey_neo@sutd.edu.sg', 'Hoài (ISCM) - Tâm (ISCM)', 6),
  (30, '25', 'Dr.', 'Krupa Rajangam', 'India', 'Saythu...linking people and heritage', NULL, 'Founder director', 'rajangamk@gmail.com', 'Hoài (ISCM) - Tâm (ISCM)', 6),
  (31, '8', 'Dr.', 'Soolyeon Cho', 'USA', 'North Carolina State University', NULL, 'Director, Building Energy Technology Lab', 'scho3@ncsu.edu', '3 giảng viên/ nghiên cứu viên UII, BIT, SMD', 7),
  (32, '9', 'Prof. Dr.', 'Utz Dornberger', 'Germany', 'Leipzig University', NULL, 'Director, SEPT Competence Center', 'dornberg@uni-leipzig.de', '3 giảng viên/ nghiên cứu viên UII, BIT, SMD', 7),
  (33, '17', 'Prof.', 'Erik Wende', 'Germany', 'University of Zurich Leipzig University', NULL, 'Professor', 'erikwende@mac.com', '3 giảng viên/ nghiên cứu viên UII, BIT, SMD', 7),
  (34, '30', 'Prof.', 'Pawinee Imtrakul', 'Thailand', 'Thammasat University', NULL, 'Director of the Center of Excellence in Urban Mobility Research and Innovation Professor, Department of Urban Environmental Planning and Development, Faculty of Architecture and Planning', 'iamtrakul@gmail.com', '3 giảng viên/ nghiên cứu viên UII, BIT, SMD', 7),
  (35, '34', 'Dr.', 'Christopher Han', 'Korea', 'UEH', NULL, '', 'christopher.han@ueh.edu.vn', '3 giảng viên/ nghiên cứu viên UII, BIT, SMD', 7),
  (36, '1', 'Prof.', 'Kelly Shannon', '', 'University of Economics Ho Chi Minh City', NULL, 'Glocal expert, Institute of Smart City and Management', '', '', NULL),
  (37, '2', 'Prof.', 'Bruno De Meulder', '', 'University of Economics Ho Chi Minh City', NULL, 'Glocal expert, Institute of Smart City and Management', '', '', NULL)
on conflict (id) do nothing;

select setval(pg_get_serial_sequence('groups', 'id'), (select max(id) from groups));
select setval(pg_get_serial_sequence('labs', 'id'), (select max(id) from labs));
select setval(pg_get_serial_sequence('participants', 'id'), (select max(id) from participants));
